1 mohammed ahmad moh@gmail.com 1
2 omar rashed omar@gmail.com 1
3 rana hamdan rana@gmail.com 1
105 hamad emad hamad@gmail.com 1
205 ayman mansour ayman@gmail.com 1
45 toso eoepp toso@gmail.com 1
405 yamen sam yamen@gmail.com 1
